{
  "results": [
    {
      "accepted_token_weighted_recall": 0.4809182286803607,
      "accepted_tokens_per_loaded_block": 0.2831975150020762,
      "average_mean_token_blocks": 49.5291932059448,
      "average_union_blocks": 49.5291932059448,
      "decision_match_rate": 1.0,
      "dense_fallback_rate": 0.0,
      "dense_fallback_ratio": 0.0,
      "estimated_hbm_bytes_per_speculative_block": 205837305.477707,
      "false_accept_rate": 0.0,
      "false_reject_rate": 0.0,
      "mask_jaccard_overlap": 1.0,
      "method": "dense_all_blocks",
      "num_speculative_blocks": 1884,
      "target_attention_top_block_recall": 1.0,
      "union_growth_ratio": 1.0
    },
    {
      "accepted_token_weighted_recall": 0.4114566403031581,
      "accepted_tokens_per_loaded_block": 0.3291669363073003,
      "average_mean_token_blocks": 7.121284501061571,
      "average_union_blocks": 14.007961783439491,
      "decision_match_rate": 0.7023619957537155,
      "dense_fallback_rate": 0.0,
      "dense_fallback_ratio": 0.0,
      "estimated_hbm_bytes_per_speculative_block": 67970015.38853504,
      "false_accept_rate": 0.25384819532908703,
      "false_reject_rate": 0.04378980891719745,
      "mask_jaccard_overlap": 0.5804033506793592,
      "method": "independent_topk",
      "num_speculative_blocks": 1884,
      "target_attention_top_block_recall": 0.7644141454352441,
      "union_growth_ratio": 1.8626938383161147
    },
    {
      "accepted_token_weighted_recall": 0.36551289658206687,
      "accepted_tokens_per_loaded_block": 0.4127521231422505,
      "average_mean_token_blocks": 7.13375796178344,
      "average_union_blocks": 7.13375796178344,
      "decision_match_rate": 0.6342887473460722,
      "dense_fallback_rate": 0.0,
      "dense_fallback_ratio": 0.0,
      "estimated_hbm_bytes_per_speculative_block": 37037440.81528662,
      "false_accept_rate": 0.26446390658174096,
      "false_reject_rate": 0.10124734607218684,
      "mask_jaccard_overlap": 1.0,
      "method": "shared_only",
      "num_speculative_blocks": 1884,
      "target_attention_top_block_recall": 0.7265127388535032,
      "union_growth_ratio": 1.0
    },
    {
      "accepted_token_weighted_recall": 0.39281863559802666,
      "accepted_tokens_per_loaded_block": 0.34467680096118697,
      "average_mean_token_blocks": 7.13375796178344,
      "average_union_blocks": 11.282377919320595,
      "decision_match_rate": 0.6876326963906582,
      "dense_fallback_rate": 0.0,
      "dense_fallback_ratio": 0.0,
      "estimated_hbm_bytes_per_speculative_block": 56231140.280254774,
      "false_accept_rate": 0.25955414012738853,
      "false_reject_rate": 0.05281316348195329,
      "mask_jaccard_overlap": 0.7023218740840821,
      "method": "shared_fixed_residual",
      "num_speculative_blocks": 1884,
      "target_attention_top_block_recall": 0.7484905785562632,
      "union_growth_ratio": 1.5185774946921444
    },
    {
      "accepted_token_weighted_recall": 0.3515723195425948,
      "accepted_tokens_per_loaded_block": 0.40083133868961895,
      "average_mean_token_blocks": 5.464570063694268,
      "average_union_blocks": 7.926220806794055,
      "decision_match_rate": 0.7006369426751592,
      "dense_fallback_rate": 0.0,
      "dense_fallback_ratio": 0.0,
      "estimated_hbm_bytes_per_speculative_block": 40664044.43312102,
      "false_accept_rate": 0.21430467091295116,
      "false_reject_rate": 0.08505838641188959,
      "mask_jaccard_overlap": 0.741966111167279,
      "method": "pams",
      "num_speculative_blocks": 1884,
      "target_attention_top_block_recall": 0.631651406581741,
      "union_growth_ratio": 1.4250322390696835
    },
    {
      "accepted_token_weighted_recall": 0.3515723195425948,
      "accepted_tokens_per_loaded_block": 0.40083133868961895,
      "average_mean_token_blocks": 5.464570063694268,
      "average_union_blocks": 7.926220806794055,
      "decision_match_rate": 0.7798566878980892,
      "dense_fallback_rate": 0.2898089171974522,
      "dense_fallback_ratio": 0.2898089171974522,
      "estimated_hbm_bytes_per_speculative_block": 40664044.43312102,
      "false_accept_rate": 0.16427813163481952,
      "false_reject_rate": 0.0558651804670913,
      "mask_jaccard_overlap": 0.741966111167279,
      "method": "pams_fallback",
      "num_speculative_blocks": 1884,
      "target_attention_top_block_recall": 0.631651406581741,
      "union_growth_ratio": 1.4250322390696835
    },
    {
      "accepted_token_weighted_recall": 0.4399537152289945,
      "accepted_tokens_per_loaded_block": 0.36086877525606303,
      "average_mean_token_blocks": 7.12645966029724,
      "average_union_blocks": 10.242038216560509,
      "decision_match_rate": 0.6389331210191083,
      "dense_fallback_rate": 0.0,
      "dense_fallback_ratio": 0.0,
      "estimated_hbm_bytes_per_speculative_block": 51007879.337579615,
      "false_accept_rate": 0.36106687898089174,
      "false_reject_rate": 0.0,
      "mask_jaccard_overlap": 0.7638642261253726,
      "method": "oracle_shared_residual",
      "num_speculative_blocks": 1884,
      "target_attention_top_block_recall": 0.872926618895966,
      "union_growth_ratio": 1.390071516370544
    }
  ]
}
